﻿<?xml version="1.0" encoding="UTF-8" standalone="yes"?>
<Picture>
	<PictureVariant name="SCClose_85.png"  interfaceVariant="version8_2" screenDensity="bldpi"/>
	<PictureVariant name="SCClose_100.png" interfaceVariant="version8_2" screenDensity="ldpi"/>
	<PictureVariant name="SCClose_125.png" interfaceVariant="version8_2" screenDensity="aldpi"/>
	<PictureVariant name="SCClose_150.png" interfaceVariant="version8_2" screenDensity="mdpi"/>
	<PictureVariant name="SCClose_200.png" interfaceVariant="version8_2" screenDensity="hdpi"/>
	<PictureVariant name="SCClose_300.png" interfaceVariant="version8_2" screenDensity="xdpi"/>

	<PictureVariant name="h.png" interfaceVariant="taxiMobile" screenDensity="hdpi"/>
	<PictureVariant name="l.png" interfaceVariant="taxiMobile" screenDensity="ldpi"/>
	<PictureVariant name="m.png" interfaceVariant="taxiMobile" screenDensity="mdpi"/>
	<PictureVariant name="x.png" interfaceVariant="taxiMobile" screenDensity="xdpi"/>

    <PictureVariant name="SCCloseTaxi_85.png"  screenDensity="bldpi" isTemplate="False"/> 
    <PictureVariant name="SCCloseTaxi_100.png" screenDensity="ldpi"  isTemplate="False"/> 
    <PictureVariant name="SCCloseTaxi_125.png" screenDensity="aldpi" isTemplate="False"/> 
    <PictureVariant name="SCCloseTaxi_150.png" screenDensity="mdpi"  isTemplate="False"/> 
    <PictureVariant name="SCCloseTaxi_175.png" screenDensity="amdpi" isTemplate="False"/> 
    <PictureVariant name="SCCloseTaxi_200.png" screenDensity="hdpi"  isTemplate="False"/> 
    <PictureVariant name="SCCloseTaxi_300.png" screenDensity="xdpi"  isTemplate="False"/> 
    <PictureVariant name="SCCloseTaxi_400.png" screenDensity="udpi"  isTemplate="False"/> 
</Picture>
