﻿<?xml version="1.0" encoding="UTF-8" standalone="yes"?> 
<Picture> 
    <PictureVariant name="RegECS_OK_85.png" screenDensity="bldpi"/> 
    <PictureVariant name="RegECS_OK_100.png" screenDensity="ldpi"/> 
    <PictureVariant name="RegECS_OK_125.png" screenDensity="aldpi"/> 
    <PictureVariant name="RegECS_OK_150.png" screenDensity="mdpi"/> 
    <PictureVariant name="RegECS_OK_175.png" screenDensity="amdpi"/> 
    <PictureVariant name="RegECS_OK_200.png" screenDensity="hdpi"/> 
    <PictureVariant name="RegECS_OK_300.png" screenDensity="xdpi"/> 
    <PictureVariant name="RegECS_OK_400.png" screenDensity="udpi"/> 
</Picture> 
