﻿<?xml version="1.0" encoding="UTF-8" standalone="yes"?> 
<Picture> 
    <PictureVariant name="UnRegECS_85.png" screenDensity="bldpi"/> 
    <PictureVariant name="UnRegECS_100.png" screenDensity="ldpi"/> 
    <PictureVariant name="UnRegECS_125.png" screenDensity="aldpi"/> 
    <PictureVariant name="UnRegECS_150.png" screenDensity="mdpi"/> 
    <PictureVariant name="UnRegECS_175.png" screenDensity="amdpi"/> 
    <PictureVariant name="UnRegECS_200.png" screenDensity="hdpi"/> 
    <PictureVariant name="UnRegECS_300.png" screenDensity="xdpi"/> 
    <PictureVariant name="UnRegECS_400.png" screenDensity="udpi"/> 
</Picture> 
